-- SQL 실행 방법 --
--
-- sql을 통해 만들어지는 유저 정보
-- username: 11111234
-- password: 1q2w3e4r!
--
-- 아래 sql문을 보면 모든 id값이 11? 꼴이다. 이것은 기존에 db 데이터와 충돌나지 않기 위함이다.
-- 아래 sql을 최초 실행 시, db를 초기화하지 않아도 된다. 아래 퀴리 문을 2회 이상 실행시키면 기존 데이터와 충돌난다.
-- 테스트 db를 따로 만들어서 사용하길 권장한다.
--
-- 0. sql 실행 방법
-- 0-1. application.yml 파일 열기
-- 0-2. "defer-datasource-initialization: true" 주석 해제
-- 0-3. "sql.init.mode: always" 주석 해제
-- 0-4. 실행 안되게 하는 방법은 그대로 주석처리 하면 된다.
--
-- 1. DB 밀어버리고 새로 시작
-- 1-1. application.yml 파일 열기
-- 1-2. spring.jpa.ddl-auto: create로 바꾸기
--
-- 2. 테스트 db로 실행하는 방법
-- 2-1 mysql에 접속해서 새로운 db를 만들기
-- 2-2. application.yml 파일 열기
-- 2-1. spring.jpa.datasource.url: jdbc:mysql:.../{database name}?... 의 database 이름을 수정
--
-- 끝 --

INSERT INTO USER(USER_ID, USERNAME, PASSWORD, EMAIL, ACTIVATED, AUTHORITY) VALUES (111, '11111234', '$2a$10$HsyI8wILURwrzBux50MemuGfz.rOzeAgUzXvU2fpxyyb2NzZ6HX6y', '13selfesteem91@naver.com', 1, 'ROLE_ADMIN');


INSERT INTO COURSE(COURSE_ID, TITLE, USER_ID) VALUES (1111, '유튜브', 111);
INSERT INTO COURSE(COURSE_ID, TITLE, USER_ID) VALUES (1112, '카카오톡', 111);
INSERT INTO COURSE(COURSE_ID, TITLE, USER_ID) VALUES (1113, '페이스북', 111);
INSERT INTO COURSE(COURSE_ID, TITLE, USER_ID) VALUES (1114, '크롬', 111);
INSERT INTO COURSE(COURSE_ID, TITLE, USER_ID) VALUES (1115, '포스트맨', 111);
INSERT INTO COURSE(COURSE_ID, TITLE, USER_ID) VALUES (1116, '커맨드', 111);
INSERT INTO COURSE(COURSE_ID, TITLE, USER_ID) VALUES (1117, '메시지', 111);
INSERT INTO COURSE(COURSE_ID, TITLE, USER_ID) VALUES (1118, 'VSCODE', 111);
INSERT INTO COURSE(COURSE_ID, TITLE, USER_ID) VALUES (1119, '노션', 111);

INSERT INTO COURSE_USER(COURSE_ID, USER_ID) VALUES (1111, 111);
INSERT INTO COURSE_USER(COURSE_ID, USER_ID) VALUES (1112, 111);
INSERT INTO COURSE_USER(COURSE_ID, USER_ID) VALUES (1113, 111);
INSERT INTO COURSE_USER(COURSE_ID, USER_ID) VALUES (1114, 111);
INSERT INTO COURSE_USER(COURSE_ID, USER_ID) VALUES (1115, 111);
INSERT INTO COURSE_USER(COURSE_ID, USER_ID) VALUES (1116, 111);
INSERT INTO COURSE_USER(COURSE_ID, USER_ID) VALUES (1117, 111);
INSERT INTO COURSE_USER(COURSE_ID, USER_ID) VALUES (1118, 111);
INSERT INTO COURSE_USER(COURSE_ID, USER_ID) VALUES (1119, 111);

INSERT INTO CONTEST(CONTEST_ID, TITLE, COURSE_ID) VALUES (1111, '1주차', 1111);
INSERT INTO CONTEST(CONTEST_ID, TITLE, COURSE_ID) VALUES (1112, '2주차', 1111);
INSERT INTO CONTEST(CONTEST_ID, TITLE, COURSE_ID) VALUES (1113, '3주차', 1111);
INSERT INTO CONTEST(CONTEST_ID, TITLE, COURSE_ID) VALUES (1114, '4주차', 1111);
INSERT INTO CONTEST(CONTEST_ID, TITLE, COURSE_ID) VALUES (1115, '5주차', 1111);
INSERT INTO CONTEST(CONTEST_ID, TITLE, COURSE_ID) VALUES (1116, '6주차', 1111);
INSERT INTO CONTEST(CONTEST_ID, TITLE, COURSE_ID) VALUES (1117, '7주차', 1111);
INSERT INTO CONTEST(CONTEST_ID, TITLE, COURSE_ID) VALUES (1118, '8주차', 1111);
INSERT INTO CONTEST(CONTEST_ID, TITLE, COURSE_ID) VALUES (1119, '9주차', 1111);
INSERT INTO CONTEST(CONTEST_ID, TITLE, COURSE_ID) VALUES (1120, '10주차', 1111);
INSERT INTO CONTEST(CONTEST_ID, TITLE, COURSE_ID) VALUES (1121, '11주차', 1111);
INSERT INTO CONTEST(CONTEST_ID, TITLE, COURSE_ID) VALUES (1122, '12주차', 1111);
INSERT INTO CONTEST(CONTEST_ID, TITLE, COURSE_ID) VALUES (1123, '13주차', 1111);
INSERT INTO CONTEST(CONTEST_ID, TITLE, COURSE_ID) VALUES (1124, '14주차', 1111);
INSERT INTO CONTEST(CONTEST_ID, TITLE, COURSE_ID) VALUES (1125, '15주차', 1111);
INSERT INTO CONTEST(CONTEST_ID, TITLE, COURSE_ID) VALUES (1126, '16주차', 1111);

INSERT INTO CONTEST(CONTEST_ID, TITLE, COURSE_ID) VALUES (1131, '1주차', 1112);
INSERT INTO CONTEST(CONTEST_ID, TITLE, COURSE_ID) VALUES (1132, '2주차', 1112);
INSERT INTO CONTEST(CONTEST_ID, TITLE, COURSE_ID) VALUES (1133, '3주차', 1112);
INSERT INTO CONTEST(CONTEST_ID, TITLE, COURSE_ID) VALUES (1134, '4주차', 1112);
INSERT INTO CONTEST(CONTEST_ID, TITLE, COURSE_ID) VALUES (1135, '5주차', 1112);
INSERT INTO CONTEST(CONTEST_ID, TITLE, COURSE_ID) VALUES (1136, '6주차', 1112);
INSERT INTO CONTEST(CONTEST_ID, TITLE, COURSE_ID) VALUES (1137, '7주차', 1112);
INSERT INTO CONTEST(CONTEST_ID, TITLE, COURSE_ID) VALUES (1138, '8주차', 1112);
INSERT INTO CONTEST(CONTEST_ID, TITLE, COURSE_ID) VALUES (1139, '9주차', 1112);
INSERT INTO CONTEST(CONTEST_ID, TITLE, COURSE_ID) VALUES (1140, '10주차', 1112);

INSERT INTO PROBLEM(PROBLEM_ID, CONTENT, TITLE, CONTEST_ID) VALUES (1111, '1번 문제입니다.', '1번 문제', 1111);
INSERT INTO PROBLEM(PROBLEM_ID, CONTENT, TITLE, CONTEST_ID) VALUES (1112, '2번 문제입니다.', '2번 문제', 1111);
INSERT INTO PROBLEM(PROBLEM_ID, CONTENT, TITLE, CONTEST_ID) VALUES (1113, '3번 문제입니다.', '3번 문제', 1111);
INSERT INTO PROBLEM(PROBLEM_ID, CONTENT, TITLE, CONTEST_ID) VALUES (1114, '4번 문제입니다.', '4번 문제', 1111);

INSERT INTO PROBLEM(PROBLEM_ID, CONTENT, TITLE, CONTEST_ID) VALUES (1121, '1번 문제입니다.', '1번 문제', 1112);
INSERT INTO PROBLEM(PROBLEM_ID, CONTENT, TITLE, CONTEST_ID) VALUES (1122, '2번 문제입니다.', '2번 문제', 1112);
INSERT INTO PROBLEM(PROBLEM_ID, CONTENT, TITLE, CONTEST_ID) VALUES (1123, '3번 문제입니다.', '3번 문제', 1112);
INSERT INTO PROBLEM(PROBLEM_ID, CONTENT, TITLE, CONTEST_ID) VALUES (1124, '4번 문제입니다.', '4번 문제', 1112);